true theta,est target,est t,est r,est sda,est a,est_ratio
"{'a': 2.395596513030034, 'z': 0.33705011076707303, 't': 0.7383819714799814, 'p_target': 4.906206612900247, 'p_outer': 4.906206612900247, 'p_inner': 4.906206612900247, 'r': 0.024517249469780247, 'sda': 2.388645974198128, 'ratio': 97.42715948387084}",4.737,0.035,0.024,2.383,3.0,"<xarray.DataArray ()> Size: 8B
array(97.88745742)"
"{'a': 2.612776586161662, 'z': 0.30411344000101226, 't': 1.901708705040716, 'p_target': 3.2934771406135974, 'p_outer': -3.2934771406135974, 'p_inner': -3.2934771406135974, 'r': 0.028466484654894396, 'sda': 2.7160137109360045, 'ratio': 95.41092775812857}",2.402,1.916,0.015,1.814,2.247,"<xarray.DataArray ()> Size: 8B
array(129.5934942)"
"{'a': 0.8686699750341647, 'z': 0.31037897777621215, 't': 0.16107382259846179, 'p_target': 2.404973099069307, 'p_outer': -2.404973099069307, 'p_inner': 2.404973099069307, 'r': 0.040478812705823625, 'sda': 1.0463316086854926, 'ratio': 25.848871020245078}",3.791,0.164,0.016,1.267,0.871,"<xarray.DataArray ()> Size: 8B
array(87.09927949)"
"{'a': 2.5518520049138065, 'z': 0.6013420557052052, 't': 0.6817480981750378, 'p_target': 4.855181540799096, 'p_outer': 4.855181540799096, 'p_inner': -4.855181540799096, 'r': 0.018579052075870114, 'sda': 1.5526260934353908, 'ratio': 83.5686388678512}",4.876,0.702,0.041,1.563,2.538,"<xarray.DataArray ()> Size: 8B
array(38.34344983)"
