true theta,est target,est t,est r,est sda,est a,est_ratio
"{'a': 2.429577394844039, 'z': 0.8321029217142891, 't': 1.3818515195473693, 'p_target': 4.433116867408233, 'p_outer': -4.433116867408233, 'p_inner': 4.433116867408233, 'r': 0.03743569249167879, 'sda': 1.7433347327984652, 'ratio': 46.568785476212945}",2.63,1.371,0.048,1.546,2.498,"<xarray.DataArray ()> Size: 8B
array(32.18954189)"
"{'a': 2.698229565132079, 'z': 0.7184950334247371, 't': 0.9757616356131068, 'p_target': 4.770896011179432, 'p_outer': 4.770896011179432, 'p_inner': 4.770896011179432, 'r': 0.04034375291128626, 'sda': 1.9011540157516293, 'ratio': 47.12387615332081}",4.36,0.029,0.04,1.839,3.0,"<xarray.DataArray ()> Size: 8B
array(45.8314584)"
"{'a': 1.1431286731739894, 'z': 0.8778690847748633, 't': 0.6935437321376116, 'p_target': 4.926454119244277, 'p_outer': 4.926454119244277, 'p_inner': 4.926454119244277, 'r': 0.018645382633595112, 'sda': 1.5663467950050962, 'ratio': 84.00722182997008}",4.038,0.268,0.022,1.51,2.338,"<xarray.DataArray ()> Size: 8B
array(81.13395528)"
"{'a': 1.496009565537526, 'z': 0.13574012160276316, 't': 0.9246185548881541, 'p_target': 3.8741715564985855, 'p_outer': 3.8741715564985855, 'p_inner': 3.8741715564985855, 'r': 0.04257603333694003, 'sda': 2.078562422200269, 'ratio': 48.820011149250405}",3.753,0.919,0.031,2.233,1.499,"<xarray.DataArray ()> Size: 8B
array(80.83076513)"
