true theta,est target,est t,est r,est sda,est a,est_ratio
"{'a': 1.463259609570888, 'z': 0.22516580948633172, 't': 0.8652362098210616, 'p_target': 2.860639058579845, 'p_outer': 2.860639058579845, 'p_inner': -2.860639058579845, 'r': 0.04870605049021416, 'sda': 1.152261104617007, 'ratio': 23.657453088882974}",2.821,0.87,0.025,1.053,1.511,"<xarray.DataArray ()> Size: 8B
array(48.37678245)"
"{'a': 0.3893417895775856, 'z': 0.31823353716724145, 't': 1.4824800881928017, 'p_target': 5.0341349322103195, 'p_outer': -5.0341349322103195, 'p_inner': 5.0341349322103195, 'r': 0.021197528942027814, 'sda': 1.5304120890358628, 'ratio': 72.19766479485978}",3.699,1.484,0.048,1.387,0.388,"<xarray.DataArray ()> Size: 8B
array(28.91234114)"
"{'a': 1.8209100658372628, 'z': 0.12354473617875028, 't': 0.5426923579427774, 'p_target': 2.946746906692277, 'p_outer': 2.946746906692277, 'p_inner': -2.946746906692277, 'r': 0.0452446439710166, 'sda': 1.6400786991184584, 'ratio': 36.24912376742496}",2.737,0.543,0.039,1.632,1.814,"<xarray.DataArray ()> Size: 8B
array(45.59936402)"
"{'a': 1.0918292615549312, 'z': 0.1405384817883718, 't': 0.9224101990578015, 'p_target': 4.071964156155123, 'p_outer': 4.071964156155123, 'p_inner': 4.071964156155123, 'r': 0.018108252324072455, 'sda': 1.8323202047434066, 'ratio': 101.1870263320545}",3.981,0.923,0.033,2.274,1.103,"<xarray.DataArray ()> Size: 8B
array(77.20438053)"
