true theta,est target,est t,est r,est sda,est a,est_ratio
"{'a': 0.9542319200469327, 'z': 0.8051206255714385, 't': 0.5689949758163808, 'p_target': 4.286122469445678, 'p_outer': 4.286122469445678, 'p_inner': -4.286122469445678, 'r': 0.037340718627982314, 'sda': 1.316724477766528, 'ratio': 35.26243002671629}",4.11,0.567,0.029,1.338,0.955,"<xarray.DataArray ()> Size: 8B
array(52.10241657)"
"{'a': 2.5574010538628893, 'z': 0.7615287645867496, 't': 0.8931739685325069, 'p_target': 3.9324134880889337, 'p_outer': 3.9324134880889337, 'p_inner': 3.9324134880889337, 'r': 0.03312503522748136, 'sda': 2.253274213929668, 'ratio': 68.02330015517373}",2.676,0.23,0.036,2.369,2.848,"<xarray.DataArray ()> Size: 8B
array(66.1340185)"
"{'a': 2.4926435434582617, 'z': 0.8910245113084952, 't': 0.7110196517258989, 'p_target': 4.197009146991547, 'p_outer': 4.197009146991547, 'p_inner': 4.197009146991547, 'r': 0.011780096827772391, 'sda': 1.678514905374521, 'ratio': 142.48736066560218}",3.346,0.43,0.013,2.084,2.992,"<xarray.DataArray ()> Size: 8B
array(169.17716259)"
"{'a': 0.7939804918932964, 'z': 0.8553280115184021, 't': 0.3108638726530087, 'p_target': 3.98718387936541, 'p_outer': -3.98718387936541, 'p_inner': -3.98718387936541, 'r': 0.016580428947310932, 'sda': 2.714626914023623, 'ratio': 163.7247698868424}",2.827,0.31,0.042,2.442,0.801,"<xarray.DataArray ()> Size: 8B
array(64.09600065)"
