true theta,est target,est t,est r,est sda,est a,est_ratio
"{'a': 1.101931073979538, 'z': 0.25966313957961384, 't': 1.537690630997338, 'p_target': 4.13243950490155, 'p_outer': 4.13243950490155, 'p_inner': 4.13243950490155, 'r': 0.03698587499995432, 'sda': 2.1826475698242715, 'ratio': 59.01300347300063}",2.55,0.03,0.037,2.061,3.0,"<xarray.DataArray ()> Size: 8B
array(55.54895008)"
"{'a': 2.0585726824453094, 'z': 0.27154268807385257, 't': 1.1610073039905973, 'p_target': 2.9355820591038633, 'p_outer': -2.9355820591038633, 'p_inner': 2.9355820591038633, 'r': 0.022198064600460705, 'sda': 2.664499767853248, 'ratio': 120.03297655949466}",3.828,1.157,0.04,2.834,2.069,"<xarray.DataArray ()> Size: 8B
array(73.40930058)"
"{'a': 2.3466526348531125, 'z': 0.6084070468487619, 't': 0.9317693439655601, 'p_target': 3.699695001976133, 'p_outer': 3.699695001976133, 'p_inner': -3.699695001976133, 'r': 0.011913480515737675, 'sda': 1.971952054839892, 'ratio': 165.52274981563522}",4.283,1.001,0.034,1.872,2.255,"<xarray.DataArray ()> Size: 8B
array(61.68266521)"
"{'a': 0.46608714561827336, 'z': 0.5029682934028915, 't': 0.5820619607462405, 'p_target': 2.0336171726131886, 'p_outer': -2.0336171726131886, 'p_inner': 2.0336171726131886, 'r': 0.019573633185499092, 'sda': 2.6728441379347534, 'ratio': 136.55329660080176}",2.489,0.583,0.033,2.632,0.459,"<xarray.DataArray ()> Size: 8B
array(85.75319044)"
