true theta,est target,est t,est r,est sda,est a,est_ratio
"{'a': 1.2923575971051566, 'z': 0.19374785825990237, 't': 1.0648721100056342, 'p_target': 2.6346773691161265, 'p_outer': -2.6346773691161265, 'p_inner': 2.6346773691161265, 'r': 0.037058574941309604, 'sda': 1.7226446271962126, 'ratio': 46.48437318284362}",4.259,1.069,0.028,1.928,1.303,"<xarray.DataArray ()> Size: 8B
array(78.72664303)"
"{'a': 0.900804344033244, 'z': 0.7311398593964729, 't': 0.3796737762728824, 'p_target': 4.61177926607199, 'p_outer': -4.61177926607199, 'p_inner': -4.61177926607199, 'r': 0.03916066046951912, 'sda': 2.5768329023398397, 'ratio': 65.80156900942796}",4.638,0.37,0.039,2.549,0.94,"<xarray.DataArray ()> Size: 8B
array(70.43813558)"
"{'a': 2.9662382544421924, 'z': 0.16482645321707184, 't': 1.5019665033783212, 'p_target': 3.747330137314414, 'p_outer': 3.747330137314414, 'p_inner': 3.747330137314414, 'r': 0.013485957174956993, 'sda': 2.2175857849775884, 'ratio': 164.4366622411924}",2.644,0.027,0.013,2.207,3.0,"<xarray.DataArray ()> Size: 8B
array(164.54174335)"
"{'a': 2.762345585667005, 'z': 0.16107760592099254, 't': 0.2673395092312729, 'p_target': 4.323842533245623, 'p_outer': 4.323842533245623, 'p_inner': 4.323842533245623, 'r': 0.03106145297656917, 'sda': 2.496266314293316, 'ratio': 80.36540712298115}",4.782,0.256,0.048,1.051,2.898,"<xarray.DataArray ()> Size: 8B
array(24.57372739)"
