true theta,est target,est t,est r,est sda,est a,est_ratio
"{'a': 2.889843340807586, 'z': 0.14964010932437583, 't': 1.6513779514564926, 'p_target': 5.206230032490565, 'p_outer': -5.206230032490565, 'p_inner': 5.206230032490565, 'r': 0.03450254850564785, 'sda': 2.046725668412275, 'ratio': 59.32099966694457}",4.503,1.64,0.039,2.005,2.927,"<xarray.DataArray ()> Size: 8B
array(51.53882695)"
"{'a': 0.8242992864981216, 'z': 0.27757167341789063, 't': 1.94343513366528, 'p_target': 3.5292909917170014, 'p_outer': 3.5292909917170014, 'p_inner': -3.5292909917170014, 'r': 0.023595322825613635, 'sda': 2.7389422383024966, 'ratio': 116.07987983657799}",3.281,1.942,0.03,2.809,0.835,"<xarray.DataArray ()> Size: 8B
array(112.3469484)"
"{'a': 1.5932542301131265, 'z': 0.8869049940869164, 't': 0.40418018572874786, 'p_target': 4.793224644884157, 'p_outer': 4.793224644884157, 'p_inner': 4.793224644884157, 'r': 0.0400048617815031, 'sda': 1.0347029863553867, 'ratio': 25.86443097858167}",2.078,0.355,0.016,1.487,2.523,"<xarray.DataArray ()> Size: 8B
array(122.16285901)"
"{'a': 2.3361637220012526, 'z': 0.7803425871484633, 't': 0.10857918937458269, 'p_target': 4.715236002904843, 'p_outer': 4.715236002904843, 'p_inner': 4.715236002904843, 'r': 0.04190961539732733, 'sda': 2.013563029737657, 'ratio': 48.04537122681557}",4.847,0.096,0.047,2.945,2.341,"<xarray.DataArray ()> Size: 8B
array(62.33030875)"
