true theta,est target,est t,est r,est sda,est a,est_ratio
"{'a': 2.1537475007302866, 'z': 0.18784149099307063, 't': 0.5523427469955015, 'p_target': 2.236199338202206, 'p_outer': 2.236199338202206, 'p_inner': -2.236199338202206, 'r': 0.010412202165765612, 'sda': 2.3981566139241934, 'ratio': 230.32174901569982}",2.79,0.569,0.042,2.272,2.166,"<xarray.DataArray ()> Size: 8B
array(57.82838114)"
"{'a': 1.6837046715611659, 'z': 0.6769237079870336, 't': 1.3658902841081424, 'p_target': 4.1771381189583385, 'p_outer': -4.1771381189583385, 'p_inner': -4.1771381189583385, 'r': 0.03757039006087714, 'sda': 2.371595700814247, 'ratio': 63.124063843133776}",3.002,1.362,0.021,2.242,1.761,"<xarray.DataArray ()> Size: 8B
array(120.75138214)"
"{'a': 0.5942595251239773, 'z': 0.25111412723526405, 't': 0.8315102286951056, 'p_target': 4.903080592431518, 'p_outer': 4.903080592431518, 'p_inner': 4.903080592431518, 'r': 0.0494656698194588, 'sda': 2.762317141335731, 'ratio': 55.84311607257546}",5.209,0.833,0.033,1.069,0.597,"<xarray.DataArray ()> Size: 8B
array(38.54863295)"
"{'a': 2.359697382305316, 'z': 0.183103563062344, 't': 1.980811321450176, 'p_target': 2.7515640228152907, 'p_outer': -2.7515640228152907, 'p_inner': -2.7515640228152907, 'r': 0.026452823845934226, 'sda': 1.8576381625476999, 'ratio': 70.2245693452957}",2.471,1.978,0.016,1.72,2.341,"<xarray.DataArray ()> Size: 8B
array(121.76447983)"
