true theta,est target,est t,est r,est sda,est a,est_ratio
"{'a': 1.6160837274965112, 'z': 0.5281435065738526, 't': 1.151233651798647, 'p_target': 4.085649174573682, 'p_outer': 4.085649174573682, 'p_inner': -4.085649174573682, 'r': 0.03905370811175315, 'sda': 2.0566724426087095, 'ratio': 52.66266744052807}",4.169,1.144,0.02,2.064,1.651,"<xarray.DataArray ()> Size: 8B
array(122.69581341)"
"{'a': 2.521127542555415, 'z': 0.8189874975522208, 't': 0.26854452271180684, 'p_target': 3.9108846856535107, 'p_outer': -3.9108846856535107, 'p_inner': 3.9108846856535107, 'r': 0.044852254871543686, 'sda': 2.4518129869578473, 'ratio': 54.66420794182611}",2.4,0.273,0.042,2.248,2.513,"<xarray.DataArray ()> Size: 8B
array(54.24477284)"
"{'a': 1.113608766480213, 'z': 0.35657440232241644, 't': 1.617845518072861, 'p_target': 2.452498531878682, 'p_outer': 2.452498531878682, 'p_inner': -2.452498531878682, 'r': 0.03838709712360461, 'sda': 2.220246027553611, 'ratio': 57.83834136779151}",3.705,1.624,0.025,1.783,1.142,"<xarray.DataArray ()> Size: 8B
array(81.89414612)"
"{'a': 1.8215807372887818, 'z': 0.6000690757652333, 't': 0.40189616010389545, 'p_target': 4.0623745218740215, 'p_outer': -4.0623745218740215, 'p_inner': 4.0623745218740215, 'r': 0.010878396900425514, 'sda': 1.8757460344342096, 'ratio': 172.4285344250345}",4.655,0.438,0.014,1.934,1.796,"<xarray.DataArray ()> Size: 8B
array(143.7770638)"
