true theta,est target,est t,est r,est sda,est a,est_ratio
"{'a': 2.276634831511049, 'z': 0.3248871851532174, 't': 1.2016801471338294, 'p_target': 4.937836091243484, 'p_outer': 4.937836091243484, 'p_inner': 4.937836091243484, 'r': 0.03717495953258247, 'sda': 2.13885223465061, 'ratio': 57.534756232242444}",4.803,0.029,0.037,2.159,3.0,"<xarray.DataArray ()> Size: 8B
array(58.1926719)"
"{'a': 0.7521585823170464, 'z': 0.11813000369144025, 't': 0.7441862116939567, 'p_target': 4.294523020815131, 'p_outer': -4.294523020815131, 'p_inner': 4.294523020815131, 'r': 0.027196028385082095, 'sda': 2.4978502322154243, 'ratio': 91.84614006306805}",4.378,0.744,0.028,2.507,0.742,"<xarray.DataArray ()> Size: 8B
array(105.90521708)"
"{'a': 2.9146659465454148, 'z': 0.4947575887070391, 't': 1.0970436659378962, 'p_target': 3.7997897738819524, 'p_outer': 3.7997897738819524, 'p_inner': 3.7997897738819524, 'r': 0.04474501530667821, 'sda': 2.9148051173100873, 'ratio': 65.14256610110158}",2.447,0.031,0.045,2.912,3.0,"<xarray.DataArray ()> Size: 8B
array(65.18837039)"
"{'a': 2.5402852410101895, 'z': 0.48514333914969276, 't': 1.9404105798133182, 'p_target': 3.422951263701591, 'p_outer': -3.422951263701591, 'p_inner': -3.422951263701591, 'r': 0.03113657048917559, 'sda': 1.3203895529881258, 'ratio': 42.406390050155004}",3.014,1.962,0.018,1.197,2.451,"<xarray.DataArray ()> Size: 8B
array(76.33266631)"
