true theta,est target,est t,est r,est sda,est a,est_ratio
"{'a': 0.4827522487242679, 'z': 0.18850175899657612, 't': 1.0295908090778627, 'p_target': 2.390389682798636, 'p_outer': 2.390389682798636, 'p_inner': -2.390389682798636, 'r': 0.04834491140609507, 'sda': 2.6034685459305233, 'ratio': 53.85196642644569}",2.923,1.03,0.032,2.533,0.477,"<xarray.DataArray ()> Size: 8B
array(85.51716789)"
"{'a': 1.5966201466729453, 'z': 0.22210804607241885, 't': 1.1799755989621659, 'p_target': 3.3152625177211283, 'p_outer': -3.3152625177211283, 'p_inner': 3.3152625177211283, 'r': 0.038942597235505624, 'sda': 1.1538701896872272, 'ratio': 29.630026541609162}",3.816,1.186,0.014,1.188,1.599,"<xarray.DataArray ()> Size: 8B
array(95.68590743)"
"{'a': 1.6513168495916282, 'z': 0.1127854934231344, 't': 0.9984532173116607, 'p_target': 4.031320429740147, 'p_outer': -4.031320429740147, 'p_inner': 4.031320429740147, 'r': 0.03374679773628443, 'sda': 2.9928098549228617, 'ratio': 88.6842620834807}",3.816,0.997,0.046,2.944,1.638,"<xarray.DataArray ()> Size: 8B
array(66.10283879)"
"{'a': 1.424150129124685, 'z': 0.1613568336576753, 't': 1.8559739814112146, 'p_target': 4.298784950030506, 'p_outer': 4.298784950030506, 'p_inner': -4.298784950030506, 'r': 0.03123597635707935, 'sda': 1.7578807563205416, 'ratio': 56.27743907297887}",3.728,1.857,0.044,1.868,1.431,"<xarray.DataArray ()> Size: 8B
array(44.26436983)"
