true theta,est target,est t,est r,est sda,est a,est_ratio
"{'a': 0.5311233040763252, 'z': 0.3415038831358962, 't': 1.5331979961323818, 'p_target': 3.33480675339562, 'p_outer': 3.33480675339562, 'p_inner': -3.33480675339562, 'r': 0.028084872168722387, 'sda': 2.142205699324406, 'ratio': 76.27614206163778}",4.418,1.53,0.027,1.818,0.547,"<xarray.DataArray ()> Size: 8B
array(75.8768285)"
"{'a': 1.177070332305848, 'z': 0.2181647694964032, 't': 1.2640350402709823, 'p_target': 5.218171781002747, 'p_outer': 5.218171781002747, 'p_inner': 5.218171781002747, 'r': 0.02117480972919262, 'sda': 1.0213953658585748, 'ratio': 48.23634209333318}",4.88,0.033,0.021,1.022,3.0,"<xarray.DataArray ()> Size: 8B
array(48.34328516)"
"{'a': 2.611064487088199, 'z': 0.27063740684614707, 't': 1.3576886657517417, 'p_target': 4.026429739888302, 'p_outer': -4.026429739888302, 'p_inner': 4.026429739888302, 'r': 0.018639866402757714, 'sda': 2.6161854024667544, 'ratio': 140.35430007586842}",5.105,1.315,0.032,2.834,2.814,"<xarray.DataArray ()> Size: 8B
array(90.75053816)"
"{'a': 1.687613800899087, 'z': 0.41115526744861586, 't': 0.5720091165489699, 'p_target': 4.938907537649104, 'p_outer': -4.938907537649104, 'p_inner': -4.938907537649104, 'r': 0.024509236277542777, 'sda': 2.9581354127374104, 'ratio': 120.6947201144688}",4.535,0.633,0.022,2.032,1.2,"<xarray.DataArray ()> Size: 8B
array(105.39336976)"
