true theta,est target,est t,est r,est sda,est a,est_ratio
"{'a': 0.7060325308361494, 'z': 0.7019154382618081, 't': 1.7987697135280005, 'p_target': 2.5611995659687494, 'p_outer': 2.5611995659687494, 'p_inner': -2.5611995659687494, 'r': 0.03785167978411345, 'sda': 2.8917716208425253, 'ratio': 76.39744490431353}",5.011,1.8,0.033,1.783,0.683,"<xarray.DataArray ()> Size: 8B
array(61.96431231)"
"{'a': 2.5416296305004895, 'z': 0.20698250892919196, 't': 0.3343471786827477, 'p_target': 3.1489595504031995, 'p_outer': -3.1489595504031995, 'p_inner': 3.1489595504031995, 'r': 0.032752965344288565, 'sda': 2.1941305604156085, 'ratio': 66.99028736334614}",4.963,0.334,0.041,2.463,2.552,"<xarray.DataArray ()> Size: 8B
array(60.47565667)"
"{'a': 2.0975765590109767, 'z': 0.8513713127747503, 't': 0.9160623071628874, 'p_target': 4.714311239701464, 'p_outer': -4.714311239701464, 'p_inner': 4.714311239701464, 'r': 0.02328538094706819, 'sda': 2.6730526616961057, 'ratio': 114.79531590109819}",4.18,0.93,0.014,2.576,2.078,"<xarray.DataArray ()> Size: 8B
array(196.42239643)"
"{'a': 0.9814564580541021, 'z': 0.38539260482502247, 't': 1.5404397681678101, 'p_target': 4.6999050646424845, 'p_outer': -4.6999050646424845, 'p_inner': -4.6999050646424845, 'r': 0.04045218582876577, 'sda': 2.061078751563839, 'ratio': 50.95098594395842}",4.455,1.539,0.025,2.071,0.994,"<xarray.DataArray ()> Size: 8B
array(93.51960809)"
