true theta,est target,est t,est r,est sda,est a,est_ratio
"{'a': 0.7158699075893035, 'z': 0.26569291195125794, 't': 0.35085974050048346, 'p_target': 4.853029671196218, 'p_outer': -4.853029671196218, 'p_inner': -4.853029671196218, 'r': 0.024233161215800925, 'sda': 2.8226100395090636, 'ratio': 116.47717003874082}",4.325,0.351,0.025,2.519,0.693,"<xarray.DataArray ()> Size: 8B
array(125.49958678)"
"{'a': 0.5242520130483302, 'z': 0.7627518379700077, 't': 1.5799801419410648, 'p_target': 3.7715561670386677, 'p_outer': 3.7715561670386677, 'p_inner': 3.7715561670386677, 'r': 0.013209046264185603, 'sda': 1.60451643994408, 'ratio': 121.4710288580404}",2.314,0.034,0.013,1.528,3.0,"<xarray.DataArray ()> Size: 8B
array(115.93709562)"
"{'a': 2.2697282598678594, 'z': 0.42443997538538625, 't': 0.41453843472290014, 'p_target': 2.9401970352399047, 'p_outer': -2.9401970352399047, 'p_inner': -2.9401970352399047, 'r': 0.020892384495082218, 'sda': 2.5413686301452576, 'ratio': 121.6409084728199}",2.6,0.47,0.024,2.332,2.107,"<xarray.DataArray ()> Size: 8B
array(107.52963357)"
"{'a': 2.5290817295231838, 'z': 0.18767249102396333, 't': 0.7525289714168303, 'p_target': 3.9745017491445216, 'p_outer': 3.9745017491445216, 'p_inner': -3.9745017491445216, 'r': 0.017238459367180797, 'sda': 1.3412979668843377, 'ratio': 77.8084594634918}",4.507,0.764,0.011,1.016,2.445,"<xarray.DataArray ()> Size: 8B
array(91.13719793)"
