true theta,est target,est t,est r,est sda,est a,est_ratio
"{'a': 0.5388121163138745, 'z': 0.491580818502534, 't': 1.1498533337705892, 'p_target': 3.7764585219982343, 'p_outer': -3.7764585219982343, 'p_inner': 3.7764585219982343, 'r': 0.04380883029030751, 'sda': 2.958020199819845, 'ratio': 67.52109518145005}",2.36,1.15,0.028,2.67,0.532,"<xarray.DataArray ()> Size: 8B
array(105.6725974)"
"{'a': 0.48884603786968783, 'z': 0.3613181518346966, 't': 0.9350024362795533, 'p_target': 3.427062527368698, 'p_outer': -3.427062527368698, 'p_inner': 3.427062527368698, 'r': 0.02476560188398092, 'sda': 1.427873533481977, 'ratio': 57.65551510401874}",4.088,0.94,0.043,1.519,0.474,"<xarray.DataArray ()> Size: 8B
array(39.74958159)"
"{'a': 2.7988313425689317, 'z': 0.6069626017948871, 't': 0.35933594251536066, 'p_target': 5.105009305903985, 'p_outer': -5.105009305903985, 'p_inner': 5.105009305903985, 'r': 0.012914743007042012, 'sda': 1.8683858131119526, 'ratio': 144.67076983980087}",4.921,0.479,0.012,1.863,2.495,"<xarray.DataArray ()> Size: 8B
array(161.25037)"
"{'a': 1.5599960011799638, 'z': 0.5027906897446768, 't': 0.023009208399981794, 'p_target': 3.960441249299542, 'p_outer': 3.960441249299542, 'p_inner': -3.960441249299542, 'r': 0.031252437748519976, 'sda': 2.7859910334613156, 'ratio': 89.14475907061848}",4.585,0.031,0.022,2.724,1.555,"<xarray.DataArray ()> Size: 8B
array(141.07488586)"
