true theta,est target,est t,est r,est sda,est a,est_ratio
"{'a': 2.5355625628193215, 'z': 0.6805947181296718, 't': 0.9789585855854483, 'p_target': 4.762783329018244, 'p_outer': 4.762783329018244, 'p_inner': -4.762783329018244, 'r': 0.04089652500645267, 'sda': 1.732310853559264, 'ratio': 42.358387498349536}",3.145,0.934,0.046,2.009,2.678,"<xarray.DataArray ()> Size: 8B
array(43.52128553)"
"{'a': 2.2447299967965355, 'z': 0.19274835931935305, 't': 0.45055914761602844, 'p_target': 4.249194109150185, 'p_outer': 4.249194109150185, 'p_inner': -4.249194109150185, 'r': 0.04998470848575592, 'sda': 1.0239541663260845, 'ratio': 20.485348366448502}",4.272,0.467,0.048,1.005,2.238,"<xarray.DataArray ()> Size: 8B
array(20.84131776)"
"{'a': 0.38667519917903753, 'z': 0.4907568914672844, 't': 0.1660610830070894, 'p_target': 2.1659832801654515, 'p_outer': 2.1659832801654515, 'p_inner': -2.1659832801654515, 'r': 0.0328767739306008, 'sda': 2.3400102312252438, 'ratio': 71.17517783723987}",3.946,0.169,0.031,1.736,0.377,"<xarray.DataArray ()> Size: 8B
array(66.47048245)"
"{'a': 2.347654289380011, 'z': 0.12092483320179702, 't': 0.7361604597626289, 'p_target': 5.341309436968912, 'p_outer': 5.341309436968912, 'p_inner': 5.341309436968912, 'r': 0.043564217038585935, 'sda': 2.7373095009081974, 'ratio': 62.833896417412774}",5.331,0.037,0.043,2.745,3.0,"<xarray.DataArray ()> Size: 8B
array(63.19085621)"
