true theta,est target,est t,est r,est sda,est a,est_ratio
"{'a': 1.313308290498343, 'z': 0.3950351453480222, 't': 1.4714281656358528, 'p_target': 3.060170873515053, 'p_outer': -3.060170873515053, 'p_inner': -3.060170873515053, 'r': 0.039452406236346826, 'sda': 1.5450971924069827, 'ratio': 39.16357301886218}",3.867,1.47,0.031,1.761,1.326,"<xarray.DataArray ()> Size: 8B
array(66.57895557)"
"{'a': 1.4456631497838837, 'z': 0.8836002724647533, 't': 1.7128978704583688, 'p_target': 4.858248876548599, 'p_outer': -4.858248876548599, 'p_inner': -4.858248876548599, 'r': 0.027864478600556075, 'sda': 1.854343745337517, 'ratio': 66.54866117970393}",4.505,1.709,0.037,1.812,1.471,"<xarray.DataArray ()> Size: 8B
array(61.84315606)"
"{'a': 1.286625590488908, 'z': 0.6988362634730161, 't': 0.16696187865903891, 'p_target': 3.5272747214759628, 'p_outer': 3.5272747214759628, 'p_inner': 3.5272747214759628, 'r': 0.04608095606246075, 'sda': 2.069578676723027, 'ratio': 44.911799874937536}",3.022,0.175,0.035,1.527,1.187,"<xarray.DataArray ()> Size: 8B
array(54.81314872)"
"{'a': 1.4270519466976213, 'z': 0.706437430061252, 't': 1.6357335286093462, 'p_target': 5.386893706511287, 'p_outer': 5.386893706511287, 'p_inner': 5.386893706511287, 'r': 0.01679144018845606, 'sda': 2.559521354132007, 'ratio': 152.4301266243768}",4.37,1.576,0.043,2.902,1.617,"<xarray.DataArray ()> Size: 8B
array(73.39964939)"
